{"nodes":{"node:255":{"location":{"x":120,"y":81}}},"selection":null,"view":{"scroll":{"x":-153.462295532226563,"y":-67.5401535034179688},"zoom":0.5}}